Job Title,Department
Financial Representative,Finance
Personal Banker,Customer Service
Teller,Finance
Agent,Customer Service
Bank Teller,Finance
Financial Advisor,Customer Service
Analyst,Marketing
Vice President,Administration
Lead Teller,Finance
Home Mortgage Consultant,Customer Service
Relationship Manager,Management
Summer Analyst,Marketing
Bank Teller,Finance
Financial Representative Intern,Finance
Insurance Agent,Customer Service
Service Manager,Management
Executive Director,Administration
Assistant Vice President,Administration
Branch Manager,Management
Barista,Hospitality Services
Licensed Agent,Customer Service
Assistant Manager,Management
Director,Administration
Mortgage Loan Officer,Customer Service
Banking Advisor,Customer Service
Manager,Management
Associate Director,Administration
Fund Accountant,Finance
Sales and Service Specialist,Customer Service
Senior Vice President,Administration
Claims Adjuster,Claim
Financial Services Professional,Customer Service
Intern,Intern
Client Advisor,Customer Service
Licensed Sales Producer,Customer Service
Associate Financial Representative,Finance
Independent Agent,Customer Service
Software Engineer,IT
Account Manager,Administration
Business Analyst,Marketing
Management Trainee,Intern
Senior Analyst,Marketing
Relationship Banker,Customer Service
Investment Banking Analyst,Marketing
Banker,Customer Service
Benefits Consultant,Customer Service
District Sales Coordinator,Management
IT Analyst,IT
Phone Banker,Customer Service
Senior Associate,Management
Consultant,Customer Service
College Financial Representative,Finance
Universal Banker,Customer Service
Customer Care Professional,Customer Service
Senior Teller,Finance
Project Manager,Management
Managing Director,Administration
Wealth Management Intern,Intern
Banking Center Manager,Management
Agency Owner,Administration
Sales Associate,Customer Service
Senior Consultant,Customer Service
Credit Manager,Management
Retired,Retired
Business Systems Consultant,Customer Service
Retail Banker,Customer Service
Assistant,Intern
Financial Sales Consultant,Customer Service
Investment Banking Summer Analyst,Marketing
Premier Relationship Manager,Management
Representante Financiero,Finance
Financial Analyst,Marketing
System Engineer,IT
Deputy Manager,Management
Store Manager,Management
Customer Service Executive,Customer Service
Gestor Comercial,Customer Service
Operational Risk Consultant,Customer Service
Senior Software Engineer,IT
Technology Analyst,IT
Shift Supervisor,Management
Team Developer,IT
Chief Manager,Management
Financial Center Manager,Management
Conseiller Clientèle,Customer Service
Programmer Analyst,IT
Auxiliaire de Vacances,Intern
Teller Operations Specialist,Customer Service
Assistant Vice President,Administration
Management Associate,Intern
Summer Intern,Intern
Senior Manager,Management
Retail Sales Consultant,Customer Service
Financial Center Operations Manager,Management
Account Executive,Customer Service
Mortgage Consultant,Customer Service
Loan Officer,Loan
Client Service Associate,Customer Service
Premier Banker,Finance
Client Relationship Associate,Customer Service
Assistant Consultant,Customer Service
Conseiller Patrimonial,Finance
Customer Experience Associate,Customer Service
Technology Lead,IT
Team Leader,Management
Assistant System Engineer,IT
Senior Fund Accountant,Finance
Probationary Officer ,intern
Business Banking Specialist,Finance
Financial Service Representative,Finance
Claims Specialist,Claim
Senior Financial Services Representative,Finance
Professional Teller,Finance
Operations Manager,Management
SVP,Administration
Fraud Analyst,Finance
Client Service Representative,Customer Service
Underwriter,Finance
Customer Service and Sales Representative,Customer Service
Operations Analyst ,Marketing
Assistant Branch Manager,Management
Team Lead,Management
Engagement Manager,Management
Licensed Insurance Agent,Customer Service
Office Manager,Management
Independent Insurance Agent,Customer Service
Management Assistant,Management
Sales Representative,Customer Service
Systems Engineer,IT
Mortgage Specialist,Finance
Conseiller en Patrimoine Financier,Finance
Loan Servicing Specialist,Finance
Process Supervisor,Management
Mortgage Banker,Finance
Life Planner,Customer Service
Credit Analyst,Finance
Associate Consultant,Customer Service
Partner,Administration
Administrative Assistant,Administration
Manager of Customer Service,Management
Application Developer,IT
Technology Manager,IT
Claims Representative,Claim
Associate Agent,Customer Service
Specialist,IT
Business System Consultant,Customer Service
Business Specialist,Customer Service
Private Client Banker,Customer Service
Cashier,Customer Service
Financial Planner,Finance
Officer,Administration
Head Teller,Finance
Senior System Engineer,IT
Investment Banking Associate,Finance
Asesor Financiero,Finance
Customer Service Officer,Customer Service
Senior Account Manager,Administration
Licensed Personal Banker,Finance
Team Member,Customer Service
Investment Consultant,Finance
Senior Business Analyst,Marketing
Teller Supervisor,Finance
Client Associate,Customer Service
Customer Relationship Manager,Customer Service
Technology Specialist,IT
Senior Personal Banker,Finance
Assurance Intern,Intern
Chargé D'Affaires Professionnels,Finance
Management Consultant,Management
Branch Office Administrator,Administration
Realtor,Customer Service
Assistant Systems Engineer,IT
Assistant Systems Engineer,IT
Paraplanner,Finance
Senior Team Member,Customer Service
Commercial Account Manager,Administration
Operations Executive,Administration
Executive Assistant,Administration
Customer Relations Coordinator,Customer Service
Software Development Engineer,IT
Assurance Associate,Finance
Audit Senior,Marketing
Project Engineer,IT
Customer Service,Customer Service
Personal Banker II,Customer Service
Financial Professional,Customer Service
Mortgage Advisor,Finance
Adviseur Particulieren,Customer Service
Sandwich Artist,Hospitality Services
Customer Service Associate,Customer Service
Customer Service Manager,Management
Agent Intern,Intern
Audit Intern,Intern
Eno,Administration
Registered Representative,Finance
Benefits Advisor,Customer Service
Brokerage Investment Professional,Finance
Financial Planning Manager,Finance
Agency Producer,Customer Service
Agency Producer,Customer Service
CSR,Customer Service
Insurance Account Representative,Customer Service
Quality Assurance Analyst,IT
Summer Associate,Intern
Senior Systems Engineer,IT
CSE (Customer Service Executive),Customer Service
Consumer Loan Underwriter,Finance
Financial Consultant,Finance
Compliance Consultant,Administration
Manager,Administration
Business Manager,Management
Business Banker,Finance
Associate Software Engineer,IT
Regional Sales Coordinator,Management
Owner,Administration
Loan Administration Manager,Management
Sales & Service Specialist,Customer Service
Manager Customer Service,Management
Foreclosure Specialist,Finance
Analytics Consultant,Marketing
Senior Underwriter,Finance
Travel Consultant,Customer Service
Financial Sales Advisor,Finance
Wealth Management Advisor,Finance
Store Supervisor,Management
Teller Coordinator,Finance
Registered Client Associate,Customer Service
Claims Associate,Claim
Process Associate,IT
Technology Associate,IT
Associate Financial Consultant,Finance
Analyst Developer,IT
Business Initiatives Consultant,Management
Personal Banker 2,Customer Service
Mortgage Underwriter,Finance
Mortgage Underwriter,Finance
Financial Services Manager,Finance
Branch Banker,Finance
Claim Representative,Claim
Senior Financial Advisor,Finance
Solutions Specialist,Customer Service
IT Consultant,IT
Software Developer,IT
Life Insurance Agent,Customer Service
Loan Document Specialist,Finance
Financial Crimes Specialist,Administration
Process Developer,IT
Sales Manager,Management
Administrativo,Administration
AML Analyst,Finance
Claims Supervisor,Claim
District Manager,Management
Financial Professional Associate,Finance
"VP, Financial Consultant",Finance
Internship,Intern
Stagiaire,Intern
Customer Advisor,Customer Service
Private Banker,Finance
Registered Associate,Finance
Financial Relationship Consultant,Finance
Assistant Store Manager,Management
Insurance Producer,Customer Service
Logistics Account Executive,Management
Assistant Banking Center Manager,Management
Process Advisor,Administration
Authorized Officer,Administration
Authorized Officer,Administration
Claims Generalist,Claim
Crew Member,Customer Service
Small Business Specialist,Customer Service
Service Manager II,Management
IT Specialist,IT
Sales Agent,Customer Service
Executive Team Leader,Management
Audit Associate,Marketing
Directrice d'Agence,Management
Personal Banking Associate,Customer Service
Data Analyst,IT
Private Wealth Advisor,Finance
Teller II,Finance
Associate Wealth Management Advisor,Finance
Branch Banker III,Finance
Process Executive,Administration
Senior Technology Specialist,IT
Business Account Manager,Administration
Exclusive Agent,Customer Service
Estagiário,Intern
Consultant Specialist,Customer Service
Benefits Specialist,Customer Service
Travel Counselor,Customer Service
Business Relationship Manager,Management
Assistant General Manager,Administration
Manager Client Care,Management
Gestora Comercial,Customer Service
Real Estate Agent,Customer Service
Team Manager,Management
Business Development Executive,Marketing
Office Representative,Customer Service
Driver,Hospitality Services
Executive,Administration
Lead Customer Service Representative,Customer Service
Banking Specialist,Finance
Senior Financial Analyst,Marketing
Senior Financial Analyst,Marketing
Senior Associate Consultant,Customer Service
Registered Client Service Associate,Customer Service
Process Manager,Management
Product Manager,Management
Citigold Relationship Manager,Management
Senior Auditor,Marketing
Spring Intern,Intern
Recruiter,Administration
Associate 2,Administration
Branch Supervisor,Management
Small Business Banker,Finance
Customer Sales and Service Representative,Customer Service
Technical Coordinator,IT
Package Handler,Hospitality Services
Account Representative,Customer Service
Service Representative,Customer Service
Trainee,Intern
Associate Banker,Customer Service
Project Analyst,Marketing
Client Relationship Specialist,Customer Service
Global Support Executive,Administration
Unit Manager,Management
Sales Consultant,Customer Service
Business Development Manager,Marketing
Corporate Vice President,Administration
Senior Data Analyst,IT
Portfolio Accountant,Finance
Senior Account Executive,Administration
"Senior Vice President, Financial Advisor",Administration
Home Preservation Specialist,Customer Service
